Sector,Year,Month,Cereals and products,Meat and fish,Egg,Milk and products,Oils and fats,Fruits,Vegetables,Pulses and products,Sugar and Confectionery,Spices,Non-alcoholic beverages,"Prepared meals, snacks, sweets etc.",Food and beverages,"Pan, tobacco and intoxicants",Clothing,Footwear,Clothing and footwear,Housing,Fuel and light,Household goods and services,Health,Transport and communication,Recreation and amusement,Education,Personal care and effects,Miscellaneous,General index
Rural,2013,January,134.71353279616534,133.20975382541744,135.46542228153928,131.45534502621157,132.95912399695945,130.20219588392166,127.69589759934185,132.95912399695945,133.8363283965624,129.19967657008974,131.33003011198258,133.7110134823334,132.2072345115855,131.70597485466956,133.46038365387543,132.5831792542725,133.33506873964646,125.69085897167798,132.2072345115855,131.33003011198258,130.32751079815066,129.45030639854772,129.57562131277672,130.07688096969267,131.2047151977536,130.32751079815066,131.70597485466956
Urban,2013,January,138.47298022303508,136.7185714238292,141.60585307875985,129.82625114123468,129.57562131277672,128.1971572562578,128.94904674163175,132.5831792542725,131.70597485466956,127.57058268511285,131.70597485466956,135.21479245308132,132.7084941685015,131.83128976889856,132.7084941685015,131.58065994044057,132.5831792542725,125.69085897167798,132.08191959735655,131.33003011198258,130.45282571237965,129.32499148431873,128.94904674163175,129.7009362270057,130.70345554083764,129.95156605546367,130.32751079815066
Rural+Urban,2013,January,135.84136702422626,134.46290296770735,137.8464056518901,130.82877045506663,131.70597485466956,129.32499148431873,128.07184234202882,132.83380908273048,133.08443891118847,128.6984169131738,131.45534502621157,134.46290296770735,132.3325494258145,131.70597485466956,133.20975382541744,132.2072345115855,133.08443891118847,125.69085897167798,132.2072345115855,131.33003011198258,130.32751079815066,129.32499148431873,129.19967657008974,129.82625114123468,130.9540853692956,130.20219588392166,131.0794002835246
Rural,2013,February,136.12762439585364,135.50432941235616,137.37421436284865,131.39058252127265,133.01114947836615,129.64535656747967,127.65081262028767,132.01387750477016,131.76455951137115,128.52342559718414,131.01660553117415,134.25773944536115,132.51251349156814,131.63990051467164,133.50978546516413,132.51251349156814,133.38512646846465,125.15763268629767,132.38785449486866,131.14126452787366,130.14399255427767,129.52069757078016,129.64535656747967,129.77001556417915,130.39331054767663,130.14399255427767,131.88921850807066
Urban,2013,February,140.74000727373513,140.74000727373513,145.72636714171512,129.64535656747967,129.02206158398215,128.52342559718414,130.76728753777516,129.77001556417915,129.39603857408065,127.52615362358816,132.13853650146964,135.87830640245463,133.63444446186364,132.13853650146964,132.88649048166664,131.51524151797216,132.63717248826765,125.15763268629767,131.76455951137115,131.14126452787366,130.51796954437614,130.14399255427767,128.77274359058316,129.27137957738117,130.01933355757816,130.01933355757816,130.51796954437614
Rural+Urban,2013,February,137.62353235624764,137.37421436284865,140.61534827703562,130.76728753777516,131.51524151797216,129.14672058068166,128.64808459388365,131.26592352457314,131.01660553117415,128.14944860708565,131.51524151797216,135.00569342555815,132.88649048166664,131.76455951137115,133.26046747176514,132.13853650146964,133.13580847506563,125.15763268629767,132.13853650146964,131.14126452787366,130.26865155097715,129.89467456087866,129.14672058068166,129.52069757078016,130.26865155097715,130.14399255427767,131.26592352457314
Rural,2013,March,136.6551766022191,134.91908542941414,136.28315706518947,130.95087703443136,131.69491610849065,131.07488354677457,125.74260351601649,131.07488354677457,130.2068379603721,128.0987272505375,130.95087703443136,134.17504635535485,132.19094215786347,132.06693564552026,133.4310072812956,132.4389551825499,133.30700076895238,124.50253839258437,131.5709095961474,130.95087703443136,129.83481842334245,129.71081191099924,128.96677283693998,129.3387923739696,129.3387923739696,129.71081191099924,131.44690308380422
Urban,2013,March,141.2434175589179,138.14325475033763,140.37537197251544,129.3387923739696,127.35468817647823,130.08283144802888,128.71875981225355,128.3467402752239,127.230681664135,126.9826686394486,132.68696820723633,136.15915055284623,133.05898774426595,132.4389551825499,132.93498123192276,131.44690308380422,132.68696820723633,124.50253839258437,131.44690308380422,131.07488354677457,130.45485098505853,130.82687052208814,128.3467402752239,128.71875981225355,129.2147858616264,130.08283144802888,130.2068379603721
Rural+Urban,2013,March,138.14325475033763,136.03514404050304,137.8952417256512,130.33084447271528,130.08283144802888,130.5788574974017,126.73465561476218,130.2068379603721,129.2147858616264,127.72670771350786,131.69491610849065,135.04309194175735,132.56296169489312,132.19094215786347,133.18299425660916,132.06693564552026,133.05898774426595,124.50253839258437,131.5709095961474,130.95087703443136,130.08283144802888,130.33084447271528,128.59475329991034,128.96677283693998,129.3387923739696,129.83481842334245,130.82687052208814
Rural,2013,April,135.93990239578793,135.07640029345532,131.8691067705057,131.12896211136348,130.38881745222128,133.5961109751709,127.55159625884275,130.38881745222128,128.53845580436573,127.304881372462,131.37567699774422,134.21289819112275,132.11582165688642,132.11582165688642,133.34939608879014,132.48589398645757,133.22603864559977,123.97423040632202,131.37567699774422,130.88224722498273,129.64867279307904,128.78517069074647,128.9085281339368,129.27860046350793,126.68809415651016,129.03188557712718,131.25231955455385
Urban,2013,April,141.3676298961642,139.88734057787977,130.75888978179236,129.15524302031756,125.94794949736793,135.07640029345532,135.32311517983607,129.03188557712718,125.82459205417757,127.67495370203312,133.47275353198052,136.43333216854938,134.21289819112275,133.84282586155163,133.1026812024094,131.25231955455385,132.85596631602866,123.97423040632202,131.25231955455385,131.37567699774422,130.38881745222128,129.52531534988867,128.29174091798498,129.77203023626942,127.304881372462,129.64867279307904,130.38881745222128
Rural+Urban,2013,April,137.6669066004531,136.80340449812053,131.4990344409346,130.38881745222128,128.78517069074647,134.33625563431312,130.14210256584053,129.8953876794598,127.67495370203312,127.42823881565238,132.23917910007683,135.1997577366457,132.85596631602866,132.6092514296479,133.22603864559977,131.99246421369608,133.1026812024094,123.97423040632202,131.37567699774422,131.12896211136348,129.8953876794598,129.15524302031756,128.53845580436573,129.52531534988867,126.9348090428909,129.27860046350793,130.88224722498273
Rural,2013,May,136.0873544440907,134.73752495907266,129.9517658758269,131.91515421767133,129.21549524763526,132.65142484586298,131.66973067494075,130.19718941855746,127.25210690579085,127.62024221988668,131.79244244630604,134.86023673043795,132.65142484586298,132.65142484586298,133.5104072454199,132.40600130313243,133.26498370268934,123.32533022210202,131.91515421767133,131.0561718181144,129.70634233309636,127.74295399125194,128.84735993353942,129.4609187903658,125.28871856394643,128.60193639080887,131.5470189035755
Urban,2013,May,141.6093841555281,140.1368428991448,126.0249891921381,129.4609187903658,124.55244793575478,135.71921912999485,151.79446117884598,129.09278347626997,125.0432950212159,128.84735993353942,133.87854255951572,136.5782015295518,136.33277798682124,134.73752495907266,133.14227193132407,130.9334600467491,132.89684838859353,123.32533022210202,131.5470189035755,131.4243071322102,130.31990118992275,127.4975304485214,128.35651284807832,129.70634233309636,125.9022774207728,128.72464816217416,130.81074827538384
Rural+Urban,2013,May,137.80531924320454,136.5782015295518,128.4792246194436,131.0561718181144,127.4975304485214,134.12396610224627,138.5415898713962,129.82905410446162,126.51583627759918,127.9883775339825,132.65142484586298,135.5965073586296,134.001254330881,133.26498370268934,133.38769547405462,131.79244244630604,133.14227193132407,123.32533022210202,131.79244244630604,131.17888358947968,129.9517658758269,127.62024221988668,128.60193639080887,129.58363056173107,125.53414210667698,128.60193639080887,131.17888358947968
Rural,2013,June,137.08402501334456,136.83988605517297,131.9571068917413,132.20124584991288,129.27157835185386,133.29987116168502,144.0419853212347,130.370203663626,127.0743277283096,128.6612309564249,132.0791763708271,135.49712178522927,135.0088438688861,133.05573220351343,133.91021855711398,132.81159324534184,133.6660795989424,130.1260647054544,132.44538480808447,131.22469001722655,129.75985626819704,128.17295304008175,128.9053699145965,130.00399522636863,125.12121606293694,128.7833004355107,132.93366272442765
Urban,2013,June,142.82129053037679,146.60544438203635,137.32816397151615,130.98055105905496,123.65638231390743,137.20609449243037,175.2917719671975,128.6612309564249,123.77845179299322,129.88192574728282,134.27642699437135,136.96195553425878,140.37990094866095,135.3750523061435,133.29987116168502,130.85848157996918,132.93366272442765,130.1260647054544,131.8350374126555,131.46882897539814,130.00399522636863,128.4170919982533,128.4170919982533,131.9571068917413,126.09777189562327,129.51571731002545,133.91021855711398
Rural+Urban,2013,June,138.91506719963144,140.25783146957517,134.03228803619976,131.71296793356973,127.1963972073954,135.1309133479719,154.66203000169864,129.75985626819704,125.97570241653749,129.0274393936823,133.05573220351343,136.229538659744,136.96195553425878,133.6660795989424,133.6660795989424,131.9571068917413,133.4219406407708,130.1260647054544,132.20124584991288,131.34675949631233,129.88192574728282,128.29502251916753,128.6612309564249,131.10262053814077,125.48742450019431,129.14950887276808,133.4219406407708
Rural,2013,July,137.70224218368128,139.52370041362417,134.18075627245838,132.7235896885041,128.95924267995548,133.93789517513267,156.88826887241288,130.0521176179212,126.65206225536117,129.20210377728122,132.48072859117838,136.12364505106413,137.3379505376927,133.33074243181838,134.18075627245838,132.9664507858298,133.93789517513267,130.78070090989837,132.9664507858298,131.50928420187552,129.8092565205955,129.68782597193263,129.20210377728122,130.90213145856123,124.46631237942972,129.32353432594405,134.42361736978413
Urban,2013,July,143.04518632484704,144.74521400612707,138.43082547565842,131.50928420187552,122.7662846981497,137.45938108635556,195.38175279853897,127.62350664466403,123.00914579547543,130.53783981257266,134.05932572379555,137.3379505376927,142.68089467885846,135.6379228564127,133.33074243181838,130.90213145856123,132.9664507858298,130.78070090989837,131.8735758478641,131.26642310454977,130.0521176179212,130.2949787152469,128.5949510339669,133.69503407780695,125.31632622006974,130.2949787152469,135.27363121042413
Rural+Urban,2013,July,139.40226986496128,141.34515864356703,135.88078395373842,132.23786749385266,126.65206225536117,135.6379228564127,170.00276812800158,129.20210377728122,125.4377567687326,129.68782597193263,133.08788133449266,136.73079779437842,139.28083931629845,133.93789517513267,133.8164646264698,132.1164369451898,133.5736035291441,130.78070090989837,132.60215913984123,131.38785365321266,129.93068706925834,130.0521176179212,128.83781213129262,132.48072859117838,124.8306040254183,129.8092565205955,134.78790901577267
Rural,2013,August,138.06864213749998,139.397386725,134.20320333749999,132.87445875,128.5258401,133.84081845,167.7842029125,129.733789725,125.74755596249999,129.1298149125,132.5120738625,136.015127775,138.7934119125,133.7200234875,134.44479326249999,133.116048675,134.20320333749999,131.5457141625,132.7536637875,131.3041242375,129.8545846875,130.21696957499998,129.00901994999998,131.3041242375,126.83471062499999,129.8545846875,135.41115296249998
Urban,2013,August,142.9004406375,145.43713485,136.13592273749998,131.5457141625,122.12370708749998,131.3041242375,213.807083625,126.4723257375,122.002912125,131.0625343125,133.9616134125,138.06864213749998,144.47077514999998,135.77353785,133.59922852499997,130.8209443875,133.116048675,131.5457141625,132.0288940125,131.3041242375,129.97537964999998,130.5793544625,128.6466350625,133.84081845,128.04266024999998,130.8209443875,136.13592273749998
Rural+Urban,2013,August,139.63897665,141.57169604999999,134.92797311249998,132.39127889999997,126.23073581249999,132.63286882499997,183.366753075,128.6466350625,124.53960633749999,129.733789725,133.116048675,136.981487475,140.846926275,134.3239983,134.082408375,132.149688975,133.7200234875,131.5457141625,132.5120738625,131.3041242375,129.8545846875,130.45855949999998,128.76743002499998,132.7536637875,127.317890475,130.3377645375,135.77353785
Rural,2013,September,138.66775936914402,139.02824747842257,134.22173935470875,133.38060043305882,129.05474312171637,133.260437729966,185.0505627629825,129.89588204336627,125.2095366227453,129.6555566371806,132.65962421450175,136.9854815258442,141.55166424337233,134.22173935470875,135.4233663856372,133.8612512454302,135.1830409794515,131.81848529285182,133.50076313615165,131.69832258975896,130.136207449552,131.33783448048044,129.41523123099492,131.93864799594465,128.21360420006644,130.61685826192337,137.22580693202988
Urban,2013,September,142.5129658681151,143.11377938357933,136.02417990110143,131.69832258975896,122.20546904542417,124.00790959181685,209.44359149083022,126.29100095058091,121.12400471758855,131.09750907429475,133.50076313615165,138.66775936914402,143.2339420866722,135.66369179182288,133.8612512454302,130.9773463712019,133.50076313615165,131.81848529285182,131.57815988666613,131.69832258975896,129.6555566371806,132.65962421450175,129.05474312171637,133.6209258392445,128.45392960625213,131.4579971835733,136.02417990110143
Rural+Urban,2013,September,139.8693864000725,140.4701999155367,134.94271557326582,132.77978691759458,126.5313263567666,128.9345804186235,193.34178927638888,128.69425501243782,123.887746888724,130.136207449552,133.02011232378027,137.70645774440126,142.15247775883657,134.58222746398727,134.82255287017296,132.65962421450175,134.46206476089444,131.81848529285182,132.77978691759458,131.69832258975896,129.89588204336627,132.0588106990375,129.1749058248092,132.89994962068744,128.3337669031593,130.9773463712019,136.62499341656564
Rural,2013,October,139.0177547723139,137.94195099505612,134.59500591025406,133.51920213299627,128.73785201185046,135.31220842842595,197.11115874423533,129.45505453002232,124.19556939676197,129.3355207769937,132.80199961482438,137.3442822299129,143.2014361283165,134.1168708981395,135.7903434405405,134.23640465116813,135.55127593448324,132.08479709665252,133.3996683799676,131.9652633436239,130.1722570481942,130.65039206030877,129.45505453002232,131.7261958375666,128.49878450579317,130.41132455425148,138.06148474808475
Urban,2013,October,142.1256323510587,141.1693623268295,136.86614721779833,131.9652633436239,122.28302934830364,126.9448457164208,219.34443680756323,125.86904193916298,119.7728205347021,131.0089933193947,133.16060087391034,138.65915351322798,144.39677365860294,135.67080968751188,134.47547215722543,131.12852707242337,133.8778033920822,132.08479709665252,131.12852707242337,131.7261958375666,129.3355207769937,131.12852707242337,129.0964532709364,133.04106712088168,128.2597169997359,130.76992581333744,136.2684784526551
Rural+Urban,2013,October,139.97402479654306,139.0177547723139,135.43174218145458,132.92153336785304,126.34717695127758,131.36759457848066,204.6417851850399,128.2597169997359,122.76116436041823,129.93318954213692,132.92153336785304,137.94195099505612,143.67957114043108,134.47547215722543,135.31220842842595,132.92153336785304,134.83407341631136,132.08479709665252,132.56293210876711,131.84572959059523,129.81365578910825,130.88945956636607,129.21598702396503,132.44339835573845,128.37925075276453,130.53085830728014,137.22474847688426
Rural,2013,November,139.4791954183284,136.62540113866953,138.17120637348475,134.12833114396798,129.4909154395223,138.6468387534279,211.77531716968704,129.72873162949386,123.18878640527556,129.60982353450808,132.93925019411012,137.93339018351318,145.66241635758936,134.12833114396798,136.26867685371215,134.48505542892534,136.03086066374058,132.1068935292096,133.89051495399642,132.34470971918117,130.4421801994086,130.32327210442278,129.25309924955073,131.98798543422382,128.65855877462178,130.56108829439438,139.59810351331421
Urban,2013,November,142.45189779297309,138.29011446847053,145.78132445257512,133.17706638408168,122.71315402533243,130.79890448436595,229.2548071325978,126.39930496989182,118.3135545108583,131.1556287693233,132.93925019411012,139.24137922835683,146.1380487375325,135.67413637878323,134.9606878088685,131.1556287693233,134.36614733393958,132.1068935292096,130.79890448436595,131.86907733923803,129.13419115456492,130.204364009437,129.01528305957913,132.34470971918117,128.30183448966443,130.32327210442278,136.74430923365531
Rural+Urban,2013,November,140.4304601782147,137.21994161359848,141.14390874812943,133.77160685901063,126.99384544482075,134.9606878088685,217.7207219189764,128.65855877462178,121.52407307547455,130.08545591445125,132.93925019411012,138.52793065844213,145.78132445257512,134.48505542892534,135.79304447376902,133.0581582890959,135.31741209382585,132.1068935292096,132.70143400413855,132.1068935292096,129.96654781946543,130.204364009437,129.13419115456492,132.2258016241954,128.539650679636,130.4421801994086,138.29011446847053
Rural,2013,December,140.05028269225932,137.09313989892613,142.41599692692586,134.60913995252625,129.5228543479932,136.6199970519928,172.3422819954576,129.5228543479932,121.71599737359361,129.87771148319317,132.5982828530597,138.15771130452606,140.4051398274593,134.3725685290596,136.9748541871928,134.84571137599292,136.6199970519928,130.94228288879313,133.42628283519298,132.5982828530597,130.23256861839315,129.9959971949265,129.1679972127932,132.00685429439307,127.8668543837266,130.23256861839315,136.6199970519928
Urban,2013,December,142.53428263865916,139.6954255570593,151.99713957732536,133.42628283519298,122.30742593226024,130.94228288879313,171.27771058985766,126.68399726639333,116.62971176906053,132.36171142959304,132.5982828530597,139.6954255570593,139.34056842185933,136.0285684933262,135.08228279945956,131.17885431225977,134.49085424079294,130.94228288879313,130.58742575359315,131.6519971591931,128.93142578932657,129.75942577145986,128.81314007759323,131.77028287092642,127.3937115367933,129.87771148319317,134.01771139385963
Rural+Urban,2013,December,140.87828267439258,138.03942559279275,146.08285399065898,134.13599710559296,126.92056868985999,134.01771139385963,171.98742486025762,128.5765686541266,120.05999740932702,130.70571146532646,132.5982828530597,138.86742557492605,140.05028269225932,134.84571137599292,136.26513991679283,133.30799712345967,135.79199706985952,130.94228288879313,132.36171142959304,132.1251400061264,129.75942577145986,129.87771148319317,128.93142578932657,131.88856858265973,127.63028296025996,130.11428290665984,135.43713993465954
Rural,2014,January,139.90557090917403,137.78757235882486,141.78823628726215,134.61057453330116,128.2565788822537,135.90490698073674,145.7889002156994,128.96257839903677,119.78458468085714,129.6685779158198,132.257242810691,138.02290553108588,136.49323991138928,134.13990818877912,137.08157284204182,134.72824111943166,136.7285730836503,131.3159101216469,132.96324232747403,132.492575982952,130.13924426034185,130.02157767421133,128.96257839903677,131.55124329390793,127.43291277934016,130.13924426034185,134.37524136104014
Urban,2014,January,142.6119023901757,143.55323507921975,152.8488953835299,133.66924184425707,121.07891712829274,131.90424305229945,139.90557090917403,126.4915800902961,114.01892196046227,132.61024256908252,131.90424305229945,140.02323749530453,135.90490698073674,136.14024015299776,135.08124087782318,130.9629103632554,134.49290794717064,131.3159101216469,130.60991060486387,131.66890988003846,129.08024498516727,130.37457743260285,129.1979115712978,131.1982435355164,127.07991302094864,130.02157767421133,132.84557574134354
Rural+Urban,2014,January,140.72923701208757,139.7879043230435,146.0242333879604,134.2575747749096,125.66791398738253,134.02224160264862,143.78856825148077,128.1389122961232,117.90191930276902,130.60991060486387,132.13957622456047,138.96423822012994,136.25790673912826,134.72824111943166,136.25790673912826,133.19857549973506,135.78724039460624,131.3159101216469,132.02190963842997,132.13957622456047,129.7862445019503,130.25691084647235,129.08024498516727,131.3159101216469,127.31524619320966,130.13924426034185,133.66924184425707
Rural,2014,February,139.75853714479118,137.76867522564424,141.86544976506443,134.60830629523437,127.58526422765694,136.48111751325504,135.77881330649728,128.52166983666726,118.33825883867996,129.22397404342502,132.15024157158228,137.88572592677053,134.95945839861326,133.67190068622406,137.06637101888649,134.02305278960293,136.59816821438133,131.6820387670771,132.50139367496115,132.15024157158228,129.80922754905646,129.69217684793017,128.63872053779357,131.09678526144566,127.23411212427807,129.80922754905646,133.4377992839715
Urban,2014,February,142.68480467294845,142.80185537407473,145.728122902232,134.84240769748698,119.97696865444804,133.55484998509775,130.51153175581422,126.64885861864661,111.66636887448139,132.85254577834002,131.21383596257195,140.34379065042265,134.84240769748698,136.0129147087499,134.95945839861326,130.7456331580668,134.2571541918555,131.6820387670771,130.04332895130904,131.7990894682034,129.22397404342502,130.2774303535616,129.10692334229873,130.62858245694048,127.23411212427807,129.92627825018275,132.38434297383486
Rural+Urban,2014,February,140.6949427538015,139.5244357425386,143.3871088797062,134.72535699636066,124.77604740062596,135.07650909973955,134.02305278960293,127.9364163310358,116.11429551728044,130.39448105468793,131.7990894682034,139.05623293803342,134.95945839861326,134.2571541918555,136.24701611100247,132.61844437608744,135.661762605371,131.6820387670771,131.56498806595084,132.033190870456,129.57512614680388,130.04332895130904,128.87282194004612,130.86268385919308,127.23411212427807,129.80922754905646,132.9695964794663
Rural,2014,March,139.84208575041976,137.51332495524207,140.54071398897307,135.1845641600644,127.26677745646029,139.25989555162533,137.28044887572432,128.31471981429024,117.83529623599068,128.89691001308466,131.574984927539,137.74620103475985,135.3010021998233,133.43799356368115,136.8146967166888,133.78730768295782,136.46538259741214,131.80786100705677,132.04073708657455,132.04073708657455,129.71197629139687,129.47910021187909,128.31471981429024,130.8763566889857,126.80102529742476,129.59553825163798,133.43799356368115
Urban,2014,March,142.17084654559744,141.35578026728527,141.47221830704416,135.3010021998233,119.69830487213282,137.04757279620657,131.92429904681566,126.80102529742476,112.12983228780536,132.85580336488673,130.64348060946793,140.30783790945532,135.06812612030552,135.88319239861772,134.83525004078774,130.52704256970904,134.13662180223446,131.80786100705677,129.12978609260244,131.574984927539,129.01334805284355,129.94485237091462,129.12978609260244,130.1777284504324,127.15033941670141,129.71197629139687,132.3900512058512
Rural+Urban,2014,March,140.54071398897307,138.9105814323487,140.89002810824974,135.1845641600644,124.47226450224707,138.2119531937954,135.41744023958216,127.84896765525471,115.97228759984853,130.1777284504324,131.22567080826235,138.9105814323487,135.1845641600644,134.13662180223446,135.99963043837658,132.3900512058512,135.53387827934105,131.80786100705677,130.99279472874457,131.80786100705677,129.47910021187909,129.71197629139687,128.78047197332577,130.41060452995015,126.91746333718363,129.59553825163798,132.97224140464562
Rural,2014,April,139.22595935664316,137.72018774962456,136.79355906838234,135.51944463167428,127.06395791533905,145.36487436987284,139.57344511210897,128.56972952235765,118.84012836931436,128.80138669266822,131.46544415123958,137.488530579314,135.75110180198484,133.66618726918986,136.79355906838234,134.47698736527678,136.4460733129165,131.9287584918607,131.3496155660843,131.69710132155015,129.49635820359987,128.80138669266822,127.99058659658127,130.8863012254632,126.13732923409684,129.14887244813403,133.66618726918986
Urban,2014,April,141.89001681521452,140.9633881339723,131.233786980929,135.51944463167428,119.41927129509075,146.75481739173617,140.38424520819592,128.56972952235765,116.176070910743,133.55035868403456,130.53881546999736,140.15258803788538,136.9093876535376,136.21441614260593,134.70864453558733,130.30715829968682,134.01367302465567,131.9287584918607,128.45390093720238,131.3496155660843,128.56972952235765,128.80138669266822,128.80138669266822,130.30715829968682,126.36898640440738,129.03304386297876,132.8553871731029
Rural+Urban,2014,April,140.0367594527301,138.87847360117732,134.59281595043205,135.51944463167428,124.2840718716124,146.0598458808045,139.80510228241954,128.56972952235765,117.91349968807215,130.4229868848421,131.11795839577374,138.76264501602205,136.21441614260593,134.3611587801215,135.9827589722954,132.7395585879476,135.51944463167428,131.9287584918607,130.30715829968682,131.58127273639485,129.14887244813403,128.80138669266822,128.45390093720238,130.53881546999736,126.25315781925211,129.14887244813403,133.31870151372402
Rural,2014,May,138.61245159852263,138.49722927799186,134.6948927004763,135.9623382263148,126.85977490438356,145.52579083036915,142.76045513763054,128.47288739181442,119.25510174935239,128.5881097123452,131.58389004614534,137.3450060726841,136.19278286737637,134.00355877729163,136.76889447003023,134.5796703799455,136.53844982896868,131.6991123666761,130.66211148189916,131.46866772561455,129.16422131499905,128.35766507128363,127.78155346862977,130.31644452030682,125.47710705801425,128.81855435340674,133.6578918156993
Urban,2014,May,141.37778729126126,142.9908997786921,131.58389004614534,137.22978375215334,119.25510174935239,148.86723812576162,146.33234707408457,129.74033291765292,116.72021069767533,134.81011502100705,130.08599987924526,140.2255640859535,138.2667846369303,136.30800518790713,134.5796703799455,130.08599987924526,133.88833645676084,131.6991123666761,128.0119981096913,131.46866772561455,128.12722043022208,128.24244275075287,128.47288739181442,130.08599987924526,125.93799634013736,128.70333203287598,133.19700253357618
Rural+Urban,2014,May,139.53423016276884,140.1103417654227,133.54266949516852,136.42322750843792,124.09443921164495,147.13890331780001,144.02790066346907,128.93377667393753,118.44854550563696,130.66211148189916,131.00777844349147,138.72767391905342,136.99933911109179,134.5796703799455,135.9623382263148,132.7361132514531,135.5014489441917,131.6991123666761,129.62511059712216,131.46866772561455,128.81855435340674,128.24244275075287,128.12722043022208,130.20122219977605,125.7075516990758,128.81855435340674,133.42744717463773
Rural,2014,June,138.34540963056443,139.37698269326125,133.07292508789172,136.7407404219249,126.42500979495655,144.19099031917983,148.20266334077863,128.60277514953876,118.74552143932455,128.7173943787273,131.69749433762928,137.6576942554332,136.96997888030197,134.44835583815416,137.19921733867906,134.44835583815416,136.7407404219249,130.5513020457439,131.1243981916866,131.69749433762928,129.29049052467,128.60277514953876,127.68582131603047,131.00977896249805,123.7887675236202,128.7173943787273,134.10449815058854
Urban,2014,June,141.0962711310893,144.30560954836835,132.27059048357197,138.00155194299882,118.5162829809475,150.38042869536082,157.6014401342387,129.29049052467,116.22389839717675,135.59454813003953,129.74896744142413,140.29393652676956,139.83545961001542,136.39688273435928,134.5629750673427,129.74896744142413,133.76064046302295,130.5513020457439,127.45658285765339,131.00977896249805,127.68582131603047,127.800440545219,128.14429823278462,131.92673279600632,124.59110212793996,128.60277514953876,133.41678277545734
Rural+Urban,2014,June,139.26236346407273,141.0962711310893,132.7290674003261,137.19921733867906,123.55952906524313,147.05647104889326,151.41200175805767,128.83201360791585,117.94318683500481,131.00977896249805,130.8951597333095,138.91850577650712,138.00155194299882,135.02145198409684,136.1676442759822,132.499828941949,135.59454813003953,130.5513020457439,129.74896744142413,131.35363665006363,128.7173943787273,128.14429823278462,127.91505977440752,131.58287510844073,124.13262521118581,128.7173943787273,133.76064046302295
Rural,2014,July,138.7614814297639,139.67363578591682,134.20070964899926,137.50726919005362,125.87730114910381,147.19890922417844,171.14296107319277,129.06984139563906,119.49222065603333,129.18386069015816,131.80630446409782,137.84932707361097,140.58579014206973,134.5427675325566,137.62128848457274,134.88482541611396,137.16521130649627,130.8941501079449,131.46424658054048,131.5782658750596,129.29787998467728,129.06984139563906,127.47357127237143,131.6922851695787,124.05299243679795,128.95582210111994,136.25305695034334
Urban,2014,July,141.15588661466532,144.12038827216233,134.5427675325566,138.64746213524475,118.00996982728482,152.44379677205777,196.5692637509556,128.95582210111994,117.0978154711319,136.82315342293893,129.75395716275375,140.69980943658885,144.91852333379614,137.9633463681301,134.5427675325566,129.5259185737155,133.85865176544192,130.8941501079449,127.2455326833332,131.00816940246403,127.13151338881408,128.8418028066008,128.15768703948612,134.31472894351836,125.07916608747,129.4118992791964,135.56894118322865
Rural+Urban,2014,July,139.5596164913977,141.26990590918444,134.31472894351836,137.9633463681301,123.02681878612592,149.59331440907988,179.80842745664555,129.06984139563906,118.69408559439951,131.6922851695787,130.8941501079449,139.21755860784035,142.18206026533736,135.45492188870952,136.36707624486246,132.60443952573164,135.79697977226687,130.8941501079449,129.86797645727287,131.35022728602138,128.49974492304347,128.95582210111994,127.81562915592876,133.1745359983272,124.50906961487442,129.18386069015816,135.910999066786
Rural,2014,August,138.14860499999998,139.28282999999996,133.61170499999997,138.2620275,125.44528499999997,147.10898249999997,182.72364749999997,129.41507249999998,119.20704749999997,129.98218499999996,131.34325499999997,138.0351825,142.11839249999997,134.74593,137.12780249999997,134.74593,136.90095749999998,131.0029875,130.88956499999998,131.45667749999998,129.30164999999997,128.39426999999998,127.26004499999998,131.796945,124.08421499999999,128.7345375,136.90095749999998
Urban,2014,August,141.55127999999996,144.38684249999997,132.13721249999998,138.60229499999997,117.50570999999998,150.51165749999996,206.31552749999997,130.66271999999998,116.48490749999999,138.48887249999999,129.75534,141.43785749999998,146.20160249999998,139.509675,134.51908499999996,129.41507249999998,133.72512749999999,131.0029875,126.80635499999998,130.77614249999996,127.26004499999998,127.60031249999997,128.0540025,135.19961999999998,125.33186249999999,129.18822749999998,135.9935775
Rural+Urban,2014,August,139.16940749999998,141.09759,133.04459249999996,138.37544999999997,122.49629999999998,148.69689749999998,190.77664499999995,129.86876249999997,118.29966749999998,132.81774749999997,130.66271999999998,139.62309749999997,143.59288499999997,135.9935775,136.10699999999997,132.47747999999999,135.65330999999998,131.0029875,129.30164999999997,131.11640999999997,128.50769249999996,127.94057999999998,127.71373499999997,133.83854999999997,124.65132749999998,128.96138249999998,136.44726749999998
Rural,2014,September,137.98965810568114,138.1024869348763,132.91236079189892,138.44097342246178,124.56302743145706,146.45182029531819,179.1721807619147,129.75315357443444,118.13178416733291,129.64032474523927,131.44558601236184,138.32814459326661,141.37452298153593,134.83045088821666,137.31268513051018,134.49196440063116,136.86136981372954,130.99427069558118,130.6557842079957,131.67124367075215,129.18900942845863,127.27091933214089,127.04526167375057,131.55841484155698,123.09625265191997,128.28637879489736,136.4100544969489
Urban,2014,September,140.1334058603892,141.48735181073113,131.33275718316668,138.44097342246178,116.77783821699099,140.47189234797466,190.22940602304038,131.89690132914248,114.97257694986843,138.6666310808521,129.5274959160441,141.2616941523408,142.9541265902682,140.24623468958436,134.49196440063116,129.18900942845863,133.5893337670699,130.99427069558118,126.1426310401893,130.31729772041024,126.7067751861651,125.46565806501835,127.94789230731188,135.39459503419243,124.11171211467641,128.17354996570216,134.49196440063116
Rural+Urban,2014,September,138.6666310808521,139.34360405602305,132.34821664592312,138.44097342246178,121.74230670157804,143.63109956543914,182.89553212535495,130.43012654960538,117.11632470457647,132.6867031335086,130.6557842079957,139.68209054360855,141.93866712751174,136.29722566775374,136.18439683855857,132.23538781672795,135.5074238633876,130.99427069558118,128.9633517700683,130.99427069558118,128.28637879489736,126.36828869857962,127.60940581972638,133.8149914254602,123.5475679687006,128.28637879489736,135.5074238633876
Rural,2014,October,137.60411381513478,137.49187554938018,132.77786838768716,138.27754340966237,124.02328365882866,144.67512455767434,174.30602671688771,129.63519694655847,116.72779638477992,129.41072041504927,131.09429440136822,138.27754340966237,140.41007045899968,134.68591890551528,137.71635208088938,135.02263370277907,137.267399017871,130.98205613561362,130.64534133834985,131.8799622616504,129.41072041504927,126.38028723967518,126.82924030269356,131.20653266712281,122.67642446977351,127.95162296023953,135.80830156306126
Urban,2014,October,139.84887913022672,141.53245311654564,132.21667705891417,138.16530514390777,116.16660505600694,138.61425820692617,179.13227214433533,131.7677239958958,113.58512494365124,138.95097300418993,129.2984821492947,141.30797658503647,141.19573831928187,139.51216433296293,134.23696584249691,128.9617673520309,133.45129798221475,130.98205613561362,125.70685764514761,129.97191174382226,126.38028723967518,124.58447498760165,127.50266989722114,134.91039543702448,123.57433059581028,127.61490816297574,133.67577451372392
Rural+Urban,2014,October,138.27754340966237,138.95097300418993,132.55339185617797,138.27754340966237,121.10508874920917,141.86916791380946,175.98960070320666,130.30862654108603,115.71765199298855,132.55339185617797,130.30862654108603,139.73664086447212,140.74678525626348,135.92053982881583,136.36949289183423,132.55339185617797,135.80830156306126,130.98205613561362,128.7372908205217,130.98205613561362,128.2883377575033,125.48238111363841,127.16595509995736,133.33905971646013,123.01313926703729,127.83938469448493,134.79815717126988
Rural,2014,November,136.99552351883656,136.88387272542266,133.8693013032478,138.44698383321708,123.37412672234262,143.80622191708355,169.7092059891048,129.73822194693406,115.33526959654293,129.29161877327851,130.40812670741735,139.0052378002865,139.45184097394204,134.87415844397276,137.66542827931988,134.5392060637311,137.21882510566434,130.74307908765903,130.96638067448677,131.85958702179786,129.40326956669242,125.0488886235509,126.50034893793139,130.8547298810729,121.47606323430658,127.39355528524247,135.2091108242144
Urban,2014,November,139.0052378002865,140.2333965278392,136.99552351883656,139.11688859370037,115.22361880312904,136.43726955176714,171.0490155100714,133.19939654276448,111.42749182705695,139.11688859370037,129.29161877327851,141.68485684221972,140.01009494101146,140.45669811466698,134.31590447690334,128.845015599623,133.42269812959225,130.74307908765903,125.7187933840342,129.96152353376183,126.16539655768975,122.48092037503156,127.2819044918286,134.31590447690334,122.36926958161766,126.61199973134529,132.86444416252283
Rural+Urban,2014,November,137.66542827931988,138.1120314529754,135.09746003080053,138.67028542004485,120.35955530016774,140.3450473212531,170.15580916276033,130.8547298810729,113.9954600755763,132.52949178228118,129.96152353376183,140.2333965278392,139.67514256076979,136.32561875835324,136.32561875835324,132.19453940203954,135.76736479128382,130.74307908765903,128.95666639303687,130.96638067448677,128.17511083913968,123.70907910258428,126.94695211158694,132.86444416252283,121.81101561454824,127.05860290500082,134.09260289007557
Rural,2014,December,135.94526869633088,135.94526869633088,135.27887032036847,137.9444638242181,122.39516838509529,142.8313852479424,155.82615357920935,129.17021854071308,113.28772391360907,128.8370193527319,130.28088250065042,138.6108622001805,136.9448662602745,135.16780392437474,137.50019824024315,133.94607356844367,136.9448662602745,129.39235133270054,130.39194889664418,131.28048006459403,129.05915214471935,123.83903153301384,125.83822666090104,130.72514808462537,121.50663721714541,126.83782422484467,133.61287438046244
Urban,2014,December,137.72233103223064,138.49979580418676,140.27685814008652,138.72192859617425,114.39838787354641,135.83420230033715,156.60361835116547,133.39074158847498,108.62293528187222,139.2772605761429,128.94808574872562,141.72072128800505,137.72233103223064,140.38792453608025,134.0571399644374,128.6148865607444,133.27967519248125,129.39235133270054,125.50502747291985,129.72555052068176,125.72716026490733,120.840238841183,126.9488906208384,134.0571399644374,122.61730117708277,125.94929305689479,131.50261285658152
Rural+Urban,2014,December,136.50060067629957,136.83379986428076,137.16699905226196,138.2776630121993,119.50744208925819,139.61045976412413,156.0482863711968,130.61408168863161,111.73279436969678,132.28007762853764,129.72555052068176,140.05472534809905,137.2780654482557,136.61166707229327,136.16740148831835,131.72474564856896,135.50100311235593,129.39235133270054,128.5038201647507,130.50301529263788,127.83742178878826,122.28410198910154,126.50462503686346,132.7243432125126,121.95090280112035,126.39355864086971,132.61327681651886
Rural,2015,January,136.0071056588313,136.0071056588313,134.90225508483593,137.995836692023,122.63841371348721,144.0725148489976,146.17173093958883,129.48848727225857,111.03748268653571,129.48848727225857,130.26188267405533,138.76923209381974,135.6756504866327,135.56516542923316,137.4434114050253,134.34982979783823,137.00147117542716,129.5989723296581,130.81430796105303,131.3667332480507,128.82557692786133,122.63841371348721,125.95296543547335,130.59333784625395,121.7545332542909,126.50539072247103,132.91352405164423
Urban,2015,January,137.00147117542716,138.6587470364202,139.87408266781512,138.32729186422162,115.23591486771815,134.0183746256396,148.4919171449791,135.78613554403225,106.17614016095604,139.87408266781512,128.7150918704618,141.42087347140867,136.44904588842945,140.75796312701144,133.68691945344102,128.27315164086363,132.8030389942447,129.5989723296581,125.29005509107613,129.48848727225857,125.62151026327473,119.21337693410153,126.61587577987056,133.46594933864193,123.08035394308537,125.29005509107613,130.92479301845256
Rural+Urban,2015,January,136.33856083102992,136.89098611802763,136.78050106062807,138.10632174942253,119.87628727849875,139.432142438217,146.94512634138556,131.58770336284977,109.38020682554264,132.91352405164423,129.5989723296581,139.98456772521467,136.0071056588313,137.00147117542716,136.0071056588313,131.80867347764885,135.34419531443407,129.5989723296581,128.7150918704618,130.4828527888544,127.61024129646641,120.8706527950946,126.28442060767196,132.25061370724703,122.3069585412886,125.95296543547335,132.02964359244794
Rural,2015,February,135.62494384022798,136.7240114564373,134.1961559391559,138.2627061191303,122.54603920733727,142.2193495374838,140.90046839803261,130.5692328056652,109.9067616209303,130.34941928242333,130.5692328056652,139.3617737353396,134.9655032705024,136.50419793319543,137.8230790726466,134.85559650888146,137.38345202616287,129.79988547431867,131.88811394511634,131.44848689863264,129.36025842783496,121.8865986376117,126.17296234082798,130.45932604404427,121.77669187599076,126.39277586406983,132.54755451484192
Urban,2015,February,136.61410469481635,139.0320534504768,131.3385801370117,138.04289259588845,115.29219294035589,133.64662213105123,144.85711181638615,137.4933587877838,104.41142353988378,140.350934589928,128.37109757324657,141.34009544451635,135.95466412509077,140.7905616364117,133.31690184618844,128.04137728838379,132.54755451484192,129.79988547431867,125.29370824786054,129.36025842783496,125.40361500948146,117.38042141115355,126.28286910244891,132.32774099160008,122.76585273057914,124.4144541548931,130.45932604404427
Rural+Urban,2015,February,135.95466412509077,137.4933587877838,133.09708832294658,138.1527993575094,119.90827692843494,138.2627061191303,142.2193495374838,132.87727479970474,108.03834667337448,133.64662213105123,129.68997871269775,140.24102782830704,135.2952235553652,137.60326554940474,136.0645708867117,131.99802070673726,135.51503707860704,129.79988547431867,129.36025842783496,130.45932604404427,127.82156376514193,119.46864988195124,126.28286910244891,131.55839366025356,122.21631892247449,125.40361500948146,131.55839366025356
Rural,2015,March,134.8057305377503,136.33637143598915,129.99514485757106,137.75768084149664,122.23260887364543,143.11492398533264,139.94431069612358,131.08845978488452,108.12884631130174,130.54180232122778,129.99514485757106,139.61631621792955,134.5870675522876,136.33637143598915,137.75768084149664,134.36840456682492,137.21102337783992,129.667150379377,131.85378023400392,131.41645426307855,129.22982440845163,122.01394588818275,126.27787410470526,130.54180232122778,121.13929394633197,126.27787410470526,132.40043769766066
Urban,2015,March,135.57105098686972,138.52300129061607,124.09124425007833,137.64834934876532,114.57940438245117,135.35238800140704,143.66158144898938,139.0696587542728,101.89695122561498,139.2883217397355,127.91784649567546,141.25628860889972,135.46171949413838,140.81896263797435,133.05642665404875,127.80851500294412,132.18177471219798,129.667150379377,125.07522768466046,129.01116142298892,124.9658961919291,118.51533812077966,126.16854261197392,131.85378023400392,121.6859514099887,124.41923872827236,130.21380784303372
Rural+Urban,2015,March,135.02439352321298,137.10169188510858,127.69918351021276,137.75768084149664,119.38999006263043,139.50698472519818,141.25628860889972,133.82174710316818,106.05154794940616,133.49375262497412,129.12049291572026,140.38163666704898,134.91506203048164,137.53901785603395,135.89904546506375,131.63511724854123,135.2430565086757,129.667150379377,129.33915590118295,130.3231393357651,127.58985201748142,120.15531051174986,126.16854261197392,131.3071227703472,121.35795693179466,125.40322216285449,131.41645426307855
Rural,2015,April,134.1001366163913,136.49283978391816,127.46582328824867,137.90670983745676,121.70158383920672,145.95489321913797,138.66802448166985,132.14247038841478,106.36653172005734,130.29356339532586,129.85852645577552,139.97313530032085,134.42641432105404,136.71035825369333,137.47167289790642,134.1001366163913,137.03663595835607,129.64100798600035,131.81619268375204,131.4899149790893,128.98845257667483,121.70158383920672,126.37823093937283,130.40232263021346,121.37530613454395,126.16071246959766,132.14247038841478
Urban,2015,April,134.6439327908292,139.4293391258829,119.6351583763426,137.36291366301882,113.65340045752548,142.03956076318494,142.25707923296014,142.80087540739805,99.62345915702711,138.88554295144502,127.46582328824867,140.84320917942154,135.5140066699299,141.49576458874702,132.7950257977403,127.46582328824867,131.9249519186396,129.64100798600035,124.74684241605907,128.7709341068997,124.63808318117147,117.89501061814127,125.72567553004731,132.35998885818995,121.59282460431912,124.20304624162115,130.1848041604383
Rural+Urban,2015,April,134.31765508616647,137.47167289790642,124.42056471139632,137.6891913676816,118.76508449724194,144.10598622604905,139.86437606543325,135.73152513970507,104.08258778741808,133.12130350240307,128.87969334178726,140.4081722398712,134.86145126060438,138.01546907234433,135.6227659048175,131.3811557442017,134.97021049549198,129.64100798600035,129.09721181156243,130.1848041604383,127.35706405336109,119.74391761123019,126.05195323471008,131.59867421397686,121.48406536943155,125.1818793556094,131.27239650931412
Rural,2015,May,133.61461582676756,137.50945483062475,126.90683754234684,138.15859466460097,121.71371887053725,145.0827528936804,139.02411444323587,134.4801356054025,105.59341299346164,130.5852966015453,130.04434673989846,140.43058408351766,134.58832557773187,137.0766949413073,137.7258347752835,134.26375566074375,137.18488491363664,129.39520690592227,131.8835762694977,131.45081638018024,129.17882696126355,122.57923864917218,126.25769770837064,130.36891665688657,121.49733892587851,126.47407765302938,132.42452613114455
Urban,2015,May,133.93918574375564,140.32239411118826,120.41543920258485,136.96850496897792,113.81585089049351,141.51248380681133,146.7056024786209,154.27890054167653,98.23649487506474,139.34868436022398,127.33959743166432,140.53877405584703,136.42755510733107,142.05343366845815,132.42452613114455,127.01502751467622,131.55900635250958,129.39520690592227,124.31027820644205,128.42149715495796,124.31027820644205,119.87448934093801,125.50036790206508,131.99176624182707,121.6055288982079,124.63484812343015,130.5852966015453
Rural+Urban,2015,May,133.72280579909693,138.48316458158905,124.41846817877142,137.7258347752835,118.79258961764435,143.4599033087399,141.62067377914067,141.18791388982322,103.10504362988623,133.5064258544382,128.9624470166048,140.43058408351766,135.23746541170806,138.37497460925968,135.67022530102554,131.2344364355215,134.91289549471995,129.39520690592227,128.9624470166048,130.04434673989846,127.33959743166432,121.17276900889041,125.82493781905318,131.34262640785087,121.49733892587851,125.60855787439444,131.55900635250958
Rural,2015,June,133.56099851922508,140.3412909500963,131.4085247316469,138.51168823065484,122.79862958133425,143.3547542527057,145.50722804028388,141.95564629077992,103.6416128718886,132.3771379360571,130.33228783785782,141.20228046512756,136.25159075369777,137.9735697837603,138.18881716251815,134.63723541301417,137.7583224050025,128.07219036090078,131.94664317854145,132.16189055729927,129.57892201220548,122.90625327071318,126.88832977773278,131.300901042268,121.61476899816627,126.88832977773278,133.56099851922508
Urban,2015,June,133.02288007233054,144.64623852525264,130.11704045910002,137.00495657935014,114.0811107416427,142.38614104829557,157.88395231885832,159.39068397016305,96.64607306225956,140.44891463947522,126.99595346711168,140.44891463947522,138.29644085189705,142.17089366953772,132.59238531481492,126.56545870959604,131.62377211040473,128.07219036090078,123.87486647512334,128.28743773965857,124.19773754326008,120.21566103624046,125.05872705829134,133.23812745108836,121.07665055127173,124.84347967953352,130.9780299741313
Rural+Urban,2015,June,133.34575114046729,141.84802260140103,130.87040628475236,137.9735697837603,119.569918899967,142.9242594951901,149.7045519260613,147.87494920661987,101.27389170555261,135.06773017052979,128.93317987593204,140.87940939699084,137.00495657935014,139.04980667754938,136.03634337493997,131.300901042268,135.2829775492876,128.07219036090078,128.93317987593204,130.33228783785782,127.53407191400622,121.50714530878737,125.81209288394369,132.484761625436,121.39952161940845,125.9197165733226,132.3771379360571
Rural,2015,July,132.7548593462005,140.78438712923685,130.61365193739084,137.78669675690327,121.51352044994967,142.71147379716555,150.7410015802019,143.24677564936798,100.74380858449571,132.1124971235576,129.543048232986,140.9985078701178,136.50197231161746,138.53611934998668,137.89375712734378,134.36076490280777,137.35845527514135,128.36538415814067,131.6842556417957,131.6842556417957,129.328927492105,122.15588267259257,126.33123711977146,131.5771952713552,120.65703748642579,126.43829749021194,133.5042819392839
Urban,2015,July,131.89837638267664,143.7820775015704,127.93714267637873,136.71609305249845,113.80517377823479,142.17617194496316,164.33766862614337,160.05525380852401,91.75073746749504,140.78438712923685,126.65241823109291,140.3561456474749,138.64317972042716,142.49735305628457,132.21955749399808,126.22417674933098,131.36307453047422,128.36538415814067,123.44060711787839,127.93714267637873,124.19002971096177,119.37231304113998,124.83239193360467,134.2537045323673,119.58643378202095,124.51121082228322,131.04189341915279
Rural+Urban,2015,July,132.43367823487907,141.8549908336417,129.543048232986,137.35845527514135,118.72995081849709,142.49735305628457,155.3445975091427,148.92097528271364,97.74611821216214,135.00312712545067,128.36538415814067,140.67732675879637,137.25139490470085,139.60672305439152,135.6454893480936,130.93483304871228,135.00312712545067,128.36538415814067,128.57950489902163,129.86422934430743,127.4018408241763,120.65703748642579,125.47475415624758,133.18310082796245,120.22879600466385,125.47475415624758,132.32661786443856
Rural,2015,August,132.8055,139.8345,129.18449999999999,137.172,121.41,142.92299999999997,163.58399999999997,146.8635,99.15149999999998,131.9535,129.39749999999998,141.11249999999998,138.237,138.5565,137.9175,134.5095,137.385,128.7585,131.84699999999998,131.7405,128.9715,120.984,126.2025,131.634,119.8125,125.883,134.29649999999998
Urban,2015,August,131.1015,140.26049999999998,125.77649999999998,136.32,113.74199999999999,138.5565,176.2575,166.14,90.8445,141.32549999999998,126.52199999999999,140.26049999999998,139.6215,142.92299999999997,131.7405,125.883,130.8885,128.7585,122.79449999999999,127.8,124.17899999999999,117.0435,124.818,134.403,119.28,123.753,131.208
Rural+Urban,2015,August,132.273,139.941,127.9065,136.8525,118.641,140.89950000000002,167.844,153.35999999999999,96.3825,135.042,128.226,140.6865,138.7695,139.72799999999998,135.468,130.8885,134.82899999999998,128.7585,128.439,129.93,127.161,118.9605,125.457,133.23149999999998,119.59949999999999,124.818,132.91199999999998
Rural,2015,September,132.53414584332924,138.89069960080306,127.87267308784844,136.87779091093634,121.51611933037461,140.16201035229784,168.3427320104318,150.54438148950507,97.99687042772146,132.85197353120293,129.1439838393432,140.58578060279606,138.7847570381785,138.7847570381785,138.14910166243112,134.3351694079468,137.6193888493083,128.8261561514695,131.05094996658536,131.89849046758187,128.6142710262204,120.56263626675353,126.70730489897822,131.89849046758187,120.45669370412898,125.85976439798172,134.54705453319596
Urban,2015,September,130.73312227871168,136.66590578568722,122.46960239399567,135.9243078473153,113.35854200828321,131.36877765445905,178.5132180223899,175.22899858102843,91.4284315449985,142.3868041674137,126.17759208585541,140.16201035229784,139.3144698513013,142.70463185528735,131.36877765445905,125.6478792727326,130.52123715346252,128.8261561514695,121.93988958087286,127.55484539997475,124.05874083336414,115.58333582339904,124.27062595861327,134.01734172007312,119.60915320313246,123.10525776974308,130.8390648413362
Rural+Urban,2015,September,132.00443303020643,138.14910166243112,125.75382183535716,136.55996322306268,118.54972757688684,136.03025040993984,171.83883657704237,158.9138439368456,95.77207661260563,136.03025040993984,127.87267308784844,140.37389547754697,138.99664216342762,139.84418266442412,135.50053759681703,130.73312227871168,134.7589396584451,128.8261561514695,127.55484539997475,129.88558177771515,126.91919002422736,117.91407220113945,125.33005158485891,133.16980121907662,120.13886601625529,124.48251108386239,132.85197353120293
Rural,2015,October,132.36738196034995,137.42600802252892,127.30875589817096,136.3721275929083,122.03935375006786,140.37687322546665,166.19694375117186,162.5083622474997,98.74859625545216,133.42126238997056,128.8895765426019,140.2714851825046,138.90144062399781,138.5852764951116,138.16372432326335,134.158978690705,137.63678410845304,128.99496458556396,131.1027254448052,131.84044174553964,128.57341241371572,119.93159289082662,126.57103959743652,131.84044174553964,120.35314506267487,125.62254721077798,134.58053086255325
Urban,2015,October,130.2596211011087,135.5290232492118,122.14474179302992,135.42363520624974,114.87296682864765,130.78656131591902,174.7333752310989,197.28641642498016,94.21691040808348,143.1169623424803,125.8333232967021,140.06070909658047,139.74454496769428,142.59002212766998,131.1027254448052,125.20099503892972,130.2596211011087,128.99496458556396,121.0908613634093,127.20336785520891,124.04172656634704,115.18913095753382,124.04172656634704,133.3158743470085,119.61542876194044,122.7770700508023,130.89194935888108
Rural+Urban,2015,October,131.73505370257757,136.79367976475655,125.3063830818918,136.0559634640221,119.40465267601631,135.95057542106005,169.04242091114753,174.2064350162886,97.27316365398327,136.68829172179449,127.62492002705714,140.16609713954253,139.21760475288397,139.63915692473222,135.42363520624974,130.47039718703283,134.6859189055153,128.99496458556396,127.30875589817096,129.62729284333633,126.88720372632272,117.40227985973713,125.09560699596766,132.68354608923613,120.03698093378868,124.25250265227118,132.89432217516026
Rural,2015,November,132.19873285906914,136.9163720174023,127.58593012647674,135.7631713342542,123.497309522588,138.48891840351337,162.70613274962355,168.57697259110483,99.07042232499631,134.50513422536537,129.05364008684705,140.69048334406884,138.80342768073558,138.5937548292541,138.48891840351337,134.4002977996246,137.85989984906894,128.84396723536557,131.67455073036547,131.67455073036547,128.52945795814335,119.51352534444,126.74723872055084,131.88422358184695,119.72319819592147,125.38436518592125,134.50513422536537
Urban,2015,November,129.99716791851367,136.07768061147644,127.37625727499525,134.81964350258758,115.32006831481053,129.68265864129148,172.56075676925283,200.86659171925177,95.19147457258904,143.7307396905502,125.59403803740273,140.16630121536514,139.74695551240222,144.2549218192539,131.04553217592104,125.06985590869904,130.20684076999515,128.84396723536557,120.6667260275881,126.85207514629157,123.8118187998102,114.58621333462536,123.60214594832874,132.72291498777284,118.77967036425484,122.23927241369914,130.6261864729581
Rural+Urban,2015,November,131.464877878884,136.6018627401801,127.48109370073598,135.44866205703198,120.45705317610663,134.4002977996246,166.06089837332715,179.47996086814146,97.81238521610747,137.54539057184672,127.58593012647674,140.48081049258735,139.11793695795777,140.0614647896244,135.55349848277274,130.52135004721737,134.81964350258758,128.84396723536557,127.48109370073598,129.36814936406927,126.74723872055084,116.89261470092157,124.96501948295831,132.40840571055062,119.30385249295851,123.8118187998102,132.72291498777284
Rural,2015,December,131.7153597559498,136.92974454438806,128.58672888288686,135.36542910785658,123.37234409444862,137.2426076316943,151.7385973435526,169.05035484116755,99.49046176340151,134.42683984593768,128.58672888288686,140.8926769836011,137.03403224015682,138.80692306822579,138.18119689361322,134.00968906286263,137.55547071900062,127.64813962096798,131.0896335813372,131.4024966686435,128.37815349134934,118.88797317639174,126.81383805481785,130.98534588556845,118.9922608721605,124.9366595309801,133.38396288825004
Urban,2015,December,129.6296058405745,137.34689532746307,132.54966132209992,134.1139767586314,114.71646534564115,125.97953648866773,155.3886666954594,198.25090965642167,96.67469397764486,144.54274633550784,125.35381031405515,139.95408772168219,137.13831993592555,144.1255955524328,130.77677049403093,124.6237964436738,129.83818123211205,127.64813962096798,120.97372709176703,126.18811188020527,123.68520718175492,113.9864514752598,123.16376870291109,132.0282228432561,118.05367161024164,121.70374096214839,129.31674275326822
Rural+Urban,2015,December,131.0896335813372,137.03403224015682,130.15104431941833,134.9482783247815,120.24371322138568,132.0282228432561,152.99004969277777,178.85339824343143,98.55187250148263,137.76404611053815,127.23098883789292,140.47552620052602,137.03403224015682,140.2669508089885,135.2611414120878,130.15104431941833,134.53112754170644,127.64813962096798,127.23098883789292,128.89959197019314,126.60526266328034,116.28078078217263,124.72808413944256,131.61107206018104,118.57511008908546,123.37234409444862,131.50678436441225
Rural,2016,January,131.54465050010725,138.18412812787292,131.23342498630575,135.1756148277916,123.34904530333402,136.5242587209315,145.34231494530778,169.92913053562754,101.35577566136025,134.44942196225472,128.9511045517613,140.98515775208656,136.31677504506385,138.59909547960828,138.18412812787292,133.7232290967179,137.5616771002699,128.01742801035675,130.92219947250422,131.33716682423957,128.32865352415826,117.85072789284057,125.94259125167999,130.92219947250422,119.19937178598047,124.59394735854008,132.89329439324715
Urban,2016,January,129.36607190349665,140.98515775208656,136.93922607266686,134.03445461051936,113.80479621342087,123.45278714126785,149.4919884626613,191.09246547413056,100.31835728202186,144.71986391770474,125.00891471027543,139.7402556968805,136.10929136919614,144.71986391770474,130.50723212076886,124.28272184473856,129.57355557936432,128.01742801035675,121.27420854465726,126.15007492754765,123.55652897920169,112.97486150995017,122.93407795159867,131.12968314837192,118.26569524457592,121.1704667067234,128.84736271382747
Rural+Urban,2016,January,130.8184576345704,139.11780466927746,133.41200358291636,134.76064747605625,119.82182281358351,130.40349028283504,146.79470067638152,177.08731735306236,101.04455014755874,137.87290261407142,127.29123514481988,140.36270672448356,136.21303320713,140.25896488654968,135.1756148277916,129.781039255232,134.3456801243209,128.01742801035675,127.29123514481988,128.84736271382747,126.565042279283,115.2571819444946,124.28272184473856,131.02594131043807,118.78440443424512,122.93407795159867,131.02594131043807
Rural,2016,February,131.1657220846971,137.9768453400787,131.78491510791363,134.88088022399617,122.2906220852605,134.57128371238792,135.08727789840168,168.0077069660794,101.8572523191157,134.7776813867934,128.79214882903383,140.763213944553,134.46808487518518,138.69923720049798,138.18324301448422,133.95209068917143,137.66724882847046,128.37935348022285,131.57851743350813,131.1657220846971,128.27615464302008,117.54347557393393,126.21217789896504,131.1657220846971,120.53624185281372,124.76739417812654,131.99131278231914
Urban,2016,February,128.79214882903383,139.42162906091724,134.46808487518518,133.7456930147659,111.8675395277826,122.39382092246323,133.33289766595487,182.0427488256536,102.2700476679267,144.1687755722438,124.45779766651826,139.52482789811998,133.22969882875213,144.47837208385207,130.23693254987236,123.9418034805045,129.3081430150476,128.37935348022285,119.7106511551917,125.69618371295128,123.32261045728801,112.58993138820185,122.60021859686874,130.3401313870751,119.9170488295972,120.94903720162472,127.76016045700632
Rural+Urban,2016,February,130.44333022427787,138.49283952609247,132.81690347994112,134.46808487518518,118.47226510875869,128.8953476662366,134.46808487518518,172.75485347740596,101.96045115631846,137.87364650287597,126.9345697593843,140.1440209213365,134.05528952637417,140.24721975853925,135.08727789840168,129.82413720106135,134.36488603798242,128.37935348022285,127.03776859658706,128.58575115462833,126.41857557337055,114.96350464386515,124.14820115491001,130.64972789868335,120.32984417840821,122.90981510847699,130.03053487546686
Rural,2016,March,130.68449788451096,137.97326406660073,128.42600695484933,133.9695756003824,121.4452168086225,135.20147974383417,134.17489295762434,165.48578993702407,103.06931333546662,134.27755163624536,128.22068959760736,140.64238971074627,133.86691692176143,138.5892161383266,137.97326406660073,133.66159956451943,137.35731199487483,128.22068959760736,130.376521848648,131.0951325989949,128.1180309189864,116.62025891343632,125.75688131070378,130.88981524175293,120.52128870103367,124.31965981001002,131.40310863485783
Urban,2016,March,128.1180309189864,139.9237789603994,126.98878545415558,133.14830617141453,110.76871423204032,123.08775566655824,131.5057673134788,174.8277296915335,104.50653483616037,143.82480874799674,123.9090250955261,138.99985085281057,132.3270367424467,144.33810214110164,129.76056977692213,123.49839038104216,128.83664166933326,128.22068959760736,117.85216305688812,125.55156395346181,122.88243830931627,111.38466630376621,122.26648623759037,129.76056977692213,120.21331266517072,120.41863002241269,127.09144413277656
Rural+Urban,2016,March,129.8632284555431,138.6918748169476,127.91271356174441,133.66159956451943,117.54418702102517,129.55525241968016,133.25096485003553,168.66820897427456,103.58260672857153,137.4599706734958,126.37283338242968,139.9237789603994,133.25096485003553,140.12909631764137,134.79084502935027,129.45259374105916,133.9695756003824,128.22068959760736,125.6542226320828,128.42600695484933,126.16751602518772,113.8484745906698,123.8063664169051,130.27386317002703,120.41863002241269,122.47180359483234,129.34993506243816
Rural,2016,April,130.1025964758519,138.27230426083477,126.01774258336049,134.08532902103104,120.70743252312162,141.02958063826645,136.94472674577503,166.1514320770887,107.22741467789992,134.18745036834332,128.06016952960618,140.31473120708048,134.59593575759249,138.37442560814705,137.8638188715856,133.37047958984505,137.25109078771192,128.26441222423077,129.69411108660276,130.71532455972562,127.85592683498162,116.82682132525477,125.8134998887359,130.61320321241334,120.91167521774621,124.28167967905162,131.73653803284847
Urban,2016,April,127.54956279304477,142.2550368060139,122.44349542743049,132.96199420059588,111.21014722307906,133.88108632640646,139.70200312320677,180.6526633954333,111.41438991770363,143.37837162644905,123.6689515951779,138.7829109973962,134.59593575759249,144.50170644688419,129.48986839197818,123.0562235113042,128.46865491885532,128.26441222423077,117.03106401987934,125.40501449948675,122.54561677474277,112.3334820435142,122.03501003818134,130.30683917047648,120.0947044392479,120.70743252312162,127.95804818229391
Rural+Urban,2016,April,129.28562569735362,139.70200312320677,124.58804372098848,133.6768436317819,117.2353067145039,137.65957617696105,137.8638188715856,171.05325674807844,108.65711354027192,137.25109078771192,126.22198527798504,139.59988177589446,134.59593575759249,140.0083671651436,134.59593575759249,129.08138300272904,133.77896497909418,128.26441222423077,124.89440776292533,128.16229087691846,125.8134998887359,114.4780303370722,123.6689515951779,130.40896051778876,120.60531117580933,122.54561677474277,130.00047512853962
Rural,2016,May,129.62479313828317,139.68188915763275,126.37401462697828,134.50096090524056,120.07563126132501,140.2914101285024,144.0501227821987,168.63413527394206,109.20584061414924,134.29778724828398,128.100990711109,140.49458378545899,135.72000284697987,138.15808673045856,137.5485657595889,133.18033213502292,136.93904478871923,127.99940388263073,129.42161948132664,130.5390745945877,127.79623022567417,116.92643957849839,125.56131999915205,131.14859556545736,121.59943368849919,124.44386488589099,132.36763750719672
Urban,2016,May,126.98353559784795,144.35488326763354,129.0152721674135,132.469224335675,111.33916401219308,135.61841601850162,153.80245831611344,185.70072245829286,112.86296643936726,143.7453622967639,123.4279966011082,138.46284721589342,136.73587113176265,144.45647009611181,129.21844582437006,122.61530197328197,128.20257753958728,127.99940388263073,116.82485275002011,125.15497268523895,122.20895465936886,112.45661912545414,121.70102051697747,130.0311404521963,120.38039174675986,120.5835654037164,128.60892485350038
Rural+Urban,2016,May,128.81209851045696,141.3072784132852,127.38988291176106,133.78985310589258,116.82485275002011,138.15808673045856,147.4024881219819,174.42458449720394,110.42488255588857,137.44697893111064,126.17084097002173,139.58030232915448,136.126350160893,139.88506281458928,134.29778724828398,128.81209851045696,133.48509262045778,127.99940388263073,124.64703854284755,127.99940388263073,125.66290682763034,114.58994252349798,123.4279966011082,130.5390745945877,121.0914995461078,122.61530197328197,130.64066142306595
Rural,2016,June,129.95686811387412,140.0623788536777,127.9357659659134,135.00962348377593,119.85135737407053,138.84971756490128,154.1090387820047,170.98524171747667,109.94795684906302,134.50434794678574,127.73365575111734,140.6687094980659,137.4349460613288,138.6476073501052,137.7381113835229,132.9885213358152,137.03072563173663,126.82415978453501,129.35053746948591,130.66425386566038,127.53154553632127,117.52708990391571,125.4093882809625,131.5737498322427,121.16507377024502,124.60094742177823,133.29168665800933
Urban,2016,June,127.22838021412717,145.41829954577364,132.28113558402896,132.38219069142698,111.36272835263553,136.9296705243386,175.5327215503883,186.34561804197816,113.18172028580017,144.30669336439524,122.88301059601162,138.3444420279111,139.65815842408557,144.20563825699716,128.94631703989376,122.37773505902143,127.9357659659134,126.82415978453501,116.71864904473144,124.49989231438019,121.87245952203125,113.48488560799429,121.16507377024502,130.66425386566038,120.05346758886661,120.8619084480509,129.45159257688394
Rural+Urban,2016,June,129.0473721472918,141.9824258942404,129.65370279168005,133.99907240979556,116.71864904473144,137.94022159831897,161.38500651466327,176.13905219477653,111.05956303044142,137.7381113835229,125.71255360315664,139.55710331668755,138.24338692051307,140.16343396107575,134.3022377319897,128.54209661030163,133.39274176540735,126.82415978453501,124.60094742177823,127.73365575111734,125.4093882809625,115.40493264855697,122.98406570340966,131.0684742952525,120.65979823325483,122.78195548861358,131.47269472484467
Rural,2016,July,129.98033706999644,140.23400635162025,130.28191557827947,135.20769788023603,120.1287724660833,139.2287446573434,159.03240003459732,172.70395907676246,110.8803648787363,135.00664554138066,127.96981368144272,140.636111029331,138.32400913249424,138.726113810205,137.9219044547835,132.89559598339926,137.2182212687897,127.06507815659356,128.87454920629187,130.68402025599022,127.36665666487661,117.01246121382508,125.85876412346134,131.4882296114117,121.5361388380709,124.45139775147375,133.69980533882074
Urban,2016,July,127.4671828343043,144.95873631472142,137.3187474382174,132.49349130568854,111.5840480647301,137.72085211592815,180.44447412269417,189.39130320175812,113.89614996156685,144.6571578064384,122.34034819349237,138.22348296306657,140.53558485990334,143.65189611216155,128.57297069800885,121.73719117692626,127.56770900373199,127.06507815659356,116.10772568897592,124.14981924319069,121.5361388380709,112.2877312507239,120.93298182150478,131.4882296114117,120.63140331322172,120.53087714379406,129.67875856171335
Rural+Urban,2016,July,129.17612771457493,141.9429512318909,132.99612215282696,134.2024361859592,117.01246121382508,138.52506147134963,166.2702842333906,178.3334245647128,111.88562657301316,138.22348296306657,125.65771178460597,139.53032316562647,139.12821848791575,140.0329540127649,134.2024361859592,128.27139218972576,133.39822683053768,127.06507815659356,124.04929307376302,127.56770900373199,125.15508093746755,114.49930697813296,123.04403137948617,131.4882296114117,121.13403416036016,122.54140053234775,131.78980811969473
Rural,2016,August,130.1,138.8,130.3,135.3,119.9,140.2,156.9,172.2,112.1,134.9,128.1,140.7,138.0,138.9,137.8,133.0,137.1,127.3,129.1,130.6,127.0,116.0,125.5,131.9,122.0,124.2,133.5
Urban,2016,August,127.6,140.3,133.7,132.2,111.8,135.8,163.5,182.3,114.6,144.6,121.9,138.1,137.6,143.6,128.3,121.4,127.3,127.3,114.7,123.9,121.2,110.4,120.6,131.5,120.9,119.9,128.4
Rural+Urban,2016,August,129.3,139.3,131.6,134.1,116.9,138.1,159.1,175.6,112.9,138.1,125.5,139.5,137.9,140.2,134.1,128.2,133.2,127.3,123.6,127.4,124.8,113.1,122.7,131.7,121.5,122.1,131.1
